"DGAMMA","TAU"
0.05,0.074605
0.26667,0.22259
0.48333,0.32176
0.7,0.39003
0.91667,0.47508
1.1333,0.53293
1.35,0.59448
1.5667,0.67868
1.7833,0.72823
2,0.78403
