"DGAMMA","TAU"
0.05,0.52
0.26667,0.53669
0.48333,0.59077
0.7,0.63722
0.91667,0.68756
1.1333,0.70996
1.35,0.77472
1.5667,0.8012
1.7833,0.85733
2,0.90652
